{
  "routes": [
    {
      "method": "GET",
      "path": "/blog-categories",
      "handler": "blog-categories.find",
      "config": {
        "policies": []
      }
    },
    {
      "method": "GET",
      "path": "/blog-categories/count",
      "handler": "blog-categories.count",
      "config": {
        "policies": []
      }
    },
    {
      "method": "GET",
      "path": "/blog-categories/:id",
      "handler": "blog-categories.findOne",
      "config": {
        "policies": []
      }
    },
    {
      "method": "POST",
      "path": "/blog-categories",
      "handler": "blog-categories.create",
      "config": {
        "policies": []
      }
    },
    {
      "method": "PUT",
      "path": "/blog-categories/:id",
      "handler": "blog-categories.update",
      "config": {
        "policies": []
      }
    },
    {
      "method": "DELETE",
      "path": "/blog-categories/:id",
      "handler": "blog-categories.delete",
      "config": {
        "policies": []
      }
    }
  ]
}
